Timestamp,DiskUsedMB,DiskUsedPct,GrowthRateMB/min,FilesCount,IOps
2026-01-31 12:46:44,6,3,0,156,0
2026-01-31 12:46:55,16,3,54.54,491,0
2026-01-31 12:47:06,27,3,60.00,678,0
2026-01-31 12:47:17,36,3,49.09,830,0
2026-01-31 12:47:28,46,3,54.54,909,0
2026-01-31 12:47:39,53,3,38.18,983,0
2026-01-31 12:47:51,58,3,25.00,826,0
2026-01-31 12:48:02,67,3,49.09,924,0
2026-01-31 12:48:13,75,3,43.63,1023,0
2026-01-31 12:48:24,82,3,38.18,1098,0
2026-01-31 12:48:35,90,3,43.63,1207,0
2026-01-31 12:48:46,96,3,32.72,1070,0
2026-01-31 12:48:57,105,3,49.09,1261,0
2026-01-31 12:49:09,115,3,50.00,1362,0
2026-01-31 12:49:20,122,3,38.18,1458,0
2026-01-31 12:49:31,129,3,38.18,1550,0
2026-01-31 12:49:42,138,3,49.09,1637,0
2026-01-31 12:49:54,142,3,20.00,1540,0
2026-01-31 12:50:05,149,3,38.18,1644,0
2026-01-31 12:50:16,160,3,60.00,1755,0
2026-01-31 12:50:28,168,3,43.63,1875,0
2026-01-31 12:50:39,176,3,40.00,1953,0
2026-01-31 12:50:50,180,3,21.81,1874,0
2026-01-31 12:51:01,190,3,54.54,1997,0
2026-01-31 12:51:12,197,3,38.18,2116,0
2026-01-31 12:51:23,205,3,43.63,2191,0
2026-01-31 12:51:34,212,3,38.18,2276,0
2026-01-31 12:51:45,220,3,43.63,2373,0
2026-01-31 12:51:57,228,3,40.00,2313,0
2026-01-31 12:52:08,234,3,32.72,2397,0
2026-01-31 12:52:19,243,3,49.09,2517,0
2026-01-31 12:52:31,253,3,50.00,2637,0
2026-01-31 12:52:42,261,3,43.63,2724,0
2026-01-31 12:52:53,265,3,21.81,2639,0
2026-01-31 12:53:04,275,3,54.54,2748,0
2026-01-31 12:53:15,282,3,38.18,2862,0
2026-01-31 12:53:26,289,3,38.18,2956,0
2026-01-31 12:53:37,299,3,54.54,3056,0
2026-01-31 12:53:48,306,3,38.18,3152,0
2026-01-31 12:54:00,312,3,32.72,3069,0
2026-01-31 12:54:11,321,3,45.00,3151,0
2026-01-31 12:54:22,329,3,43.63,3267,0
2026-01-31 12:54:33,337,3,43.63,3356,0
2026-01-31 12:54:45,347,3,50.00,3494,0
2026-01-31 12:54:57,351,3,21.81,3396,0
2026-01-31 12:55:08,361,3,50.00,3534,0
2026-01-31 12:55:20,368,3,35.00,3635,0
2026-01-31 12:55:31,376,3,43.63,3711,0
2026-01-31 12:55:42,385,3,49.09,3801,0
2026-01-31 12:55:53,390,3,27.27,3695,0
2026-01-31 12:56:04,398,3,43.63,3836,0
2026-01-31 12:56:15,406,3,43.63,3930,0
2026-01-31 12:56:26,414,3,43.63,4025,0
2026-01-31 12:56:37,421,3,38.18,4134,0
2026-01-31 12:56:48,430,3,49.09,4219,0
2026-01-31 12:56:59,435,3,27.27,4177,0
2026-01-31 12:57:10,443,3,43.63,4285,0
2026-01-31 12:57:21,452,3,49.09,4376,0
2026-01-31 12:57:33,461,3,49.09,4498,0
2026-01-31 12:57:44,471,3,50.00,4553,0
2026-01-31 12:57:55,474,3,16.36,4480,0
2026-01-31 12:58:06,483,3,49.09,4583,0
2026-01-31 12:58:17,494,3,60.00,4678,0
2026-01-31 12:58:28,503,3,49.09,4769,0
2026-01-31 12:58:39,508,3,27.27,4906,0
2026-01-31 12:58:50,518,3,54.54,4993,0
2026-01-31 12:59:01,523,3,27.27,4924,0
2026-01-31 12:59:12,530,3,38.18,4999,0
2026-01-31 12:59:23,538,3,43.63,5105,0
2026-01-31 12:59:34,546,3,43.63,5217,0
2026-01-31 12:59:46,554,3,40.00,5331,0
2026-01-31 12:59:58,561,3,35.00,5246,0
2026-01-31 13:00:11,572,3,55.00,5376,0
2026-01-31 13:00:22,580,3,40.00,5482,0
2026-01-31 13:00:33,589,3,49.09,5569,0
2026-01-31 13:00:44,596,3,38.18,5661,0
2026-01-31 13:00:55,599,4,16.36,5569,0
2026-01-31 13:01:06,609,4,54.54,5725,0
2026-01-31 13:01:17,616,4,38.18,5821,0
2026-01-31 13:01:29,626,4,50.00,5918,0
2026-01-31 13:01:40,634,4,43.63,6015,0
2026-01-31 13:01:51,641,4,38.18,6140,0
2026-01-31 13:02:02,647,4,32.72,6009,0
2026-01-31 13:02:13,654,4,38.18,6154,0
2026-01-31 13:02:24,663,4,49.09,6263,0
2026-01-31 13:02:35,674,4,60.00,6393,0
2026-01-31 13:02:46,684,4,54.54,6572,0
2026-01-31 13:02:57,691,4,38.18,6100,0
2026-01-31 13:03:08,700,4,49.09,6212,0
2026-01-31 13:03:20,709,4,49.09,6311,0
2026-01-31 13:03:31,720,4,55.00,6411,0
2026-01-31 13:03:42,730,4,54.54,6508,0
2026-01-31 13:03:53,738,4,43.63,6340,0
2026-01-31 13:04:04,746,4,43.63,6530,0
2026-01-31 13:04:15,753,4,38.18,6616,0
2026-01-31 13:04:27,764,4,60.00,6703,0
2026-01-31 13:04:38,773,4,45.00,6810,0
2026-01-31 13:04:49,782,4,49.09,6900,0
2026-01-31 13:05:01,790,4,43.63,6824,0
2026-01-31 13:05:12,799,4,45.00,6912,0
2026-01-31 13:05:23,812,4,70.90,7041,0
2026-01-31 13:05:34,817,4,27.27,7132,0
2026-01-31 13:05:45,825,4,43.63,7218,0
2026-01-31 13:05:57,831,4,30.00,7076,0
2026-01-31 13:06:08,843,4,65.45,7237,0
2026-01-31 13:06:19,850,4,38.18,7349,0
2026-01-31 13:06:30,860,4,54.54,7416,0
2026-01-31 13:06:41,871,4,60.00,7499,0
2026-01-31 13:06:52,878,4,38.18,7569,0
2026-01-31 13:07:04,884,4,32.72,7500,0
2026-01-31 13:07:15,894,4,50.00,7631,0
2026-01-31 13:07:26,903,4,49.09,7707,0
2026-01-31 13:07:37,913,4,54.54,7794,0
2026-01-31 13:07:48,923,4,54.54,7904,0
2026-01-31 13:07:59,928,4,27.27,7769,0
2026-01-31 13:08:11,937,4,45.00,7889,0
2026-01-31 13:08:22,947,4,54.54,7994,0
2026-01-31 13:08:33,954,4,38.18,8073,0
2026-01-31 13:08:44,964,4,54.54,8200,0
2026-01-31 13:08:55,970,4,32.72,8037,0
2026-01-31 13:09:06,979,4,49.09,8197,0
2026-01-31 13:09:18,989,4,54.54,8328,0
2026-01-31 13:09:29,998,4,45.00,8407,0
2026-01-31 13:09:40,1008,4,54.54,8501,0
2026-01-31 13:09:51,1016,4,43.63,8597,0
2026-01-31 13:10:02,1023,4,38.18,8497,0
2026-01-31 13:10:14,1032,4,49.09,8610,0
2026-01-31 13:10:25,1041,4,45.00,8731,0
2026-01-31 13:10:37,1052,4,60.00,8818,0
2026-01-31 13:10:48,1059,4,35.00,8885,0
2026-01-31 13:10:59,1069,4,54.54,8804,0
2026-01-31 13:11:10,1077,4,43.63,8918,0
2026-01-31 13:11:21,1085,4,43.63,9043,0
2026-01-31 13:11:32,1093,4,43.63,9135,0
2026-01-31 13:11:44,1110,4,92.72,9225,0
2026-01-31 13:11:55,1113,4,15.00,9332,0
2026-01-31 13:12:06,1120,4,38.18,9229,0
2026-01-31 13:12:18,1129,4,49.09,9343,0
2026-01-31 13:12:29,1138,4,45.00,9436,0
2026-01-31 13:12:40,1146,4,43.63,9524,0
2026-01-31 13:12:52,1157,4,60.00,9650,0
2026-01-31 13:13:03,1163,4,30.00,9519,0
2026-01-31 13:13:14,1174,4,60.00,9634,0
2026-01-31 13:13:25,1182,4,43.63,9737,0
2026-01-31 13:13:36,1190,4,43.63,9881,0
2026-01-31 13:13:47,1201,4,60.00,9936,0
2026-01-31 13:13:58,1211,4,54.54,10061,0
2026-01-31 13:14:10,1215,4,21.81,9939,0
2026-01-31 13:14:21,1226,4,55.00,10054,0
2026-01-31 13:14:32,1240,4,76.36,10174,0
2026-01-31 13:14:43,1243,5,16.36,10260,0
2026-01-31 13:14:54,1251,5,43.63,10370,0
2026-01-31 13:15:06,1258,5,38.18,10280,0
2026-01-31 13:15:17,1269,5,55.00,10402,0
2026-01-31 13:15:28,1277,5,43.63,10478,0
2026-01-31 13:15:39,1286,5,49.09,10584,0
2026-01-31 13:15:50,1299,5,70.90,10717,0
2026-01-31 13:16:01,1301,5,10.90,10543,0
2026-01-31 13:16:13,1312,5,55.00,10704,0
2026-01-31 13:16:24,1322,5,54.54,10790,0
2026-01-31 13:16:35,1330,5,43.63,10928,0
2026-01-31 13:16:46,1339,5,49.09,10970,0
2026-01-31 13:16:58,1350,5,55.00,11082,0
2026-01-31 13:17:09,1355,5,27.27,11008,0
2026-01-31 13:17:20,1366,5,60.00,11090,0
2026-01-31 13:17:31,1375,5,49.09,11214,0
2026-01-31 13:17:42,1387,5,65.45,11325,0
2026-01-31 13:17:53,1393,5,32.72,11415,0
2026-01-31 13:18:04,1398,5,27.27,11281,0
2026-01-31 13:18:16,1409,5,55.00,11416,0
2026-01-31 13:18:27,1416,5,38.18,11469,0
2026-01-31 13:18:38,1426,5,54.54,11605,0
2026-01-31 13:18:49,1436,5,54.54,11710,0
2026-01-31 13:19:00,1445,5,49.09,11803,0
2026-01-31 13:19:12,1451,5,32.72,11724,0
2026-01-31 13:19:23,1462,5,55.00,11816,0
2026-01-31 13:19:34,1470,5,43.63,11909,0
2026-01-31 13:19:45,1479,5,49.09,12009,0
2026-01-31 13:19:57,1493,5,70.00,12146,0
2026-01-31 13:20:08,1494,5,5.45,12029,0
2026-01-31 13:20:19,1504,5,54.54,12106,0
2026-01-31 13:20:30,1515,5,60.00,12238,0
2026-01-31 13:20:41,1523,5,43.63,12312,0
2026-01-31 13:20:52,1532,5,49.09,12418,0
2026-01-31 13:21:04,1546,5,70.00,12525,0
2026-01-31 13:21:15,1548,5,10.90,12464,0
2026-01-31 13:21:26,1561,5,70.90,12564,0
2026-01-31 13:21:37,1568,5,38.18,12658,0
2026-01-31 13:21:48,1576,5,43.63,12766,0
2026-01-31 13:21:59,1584,5,43.63,12838,0
2026-01-31 13:22:11,1591,5,35.00,12792,0
2026-01-31 13:22:22,1600,5,49.09,12879,0
2026-01-31 13:22:33,1611,5,60.00,12969,0
2026-01-31 13:22:45,1624,5,70.90,13072,0
2026-01-31 13:22:56,1630,5,30.00,13174,0
2026-01-31 13:23:07,1635,5,27.27,12977,0
2026-01-31 13:23:18,1650,5,81.81,13156,0
2026-01-31 13:23:29,1657,5,38.18,13312,0
2026-01-31 13:23:41,1664,5,35.00,13355,0
2026-01-31 13:23:52,1674,5,54.54,13472,0
2026-01-31 13:24:03,1681,5,38.18,13607,0
2026-01-31 13:24:14,1700,5,103.63,13544,0
2026-01-31 13:24:25,1696,5,-21.81,13608,0
2026-01-31 13:24:36,1707,5,60.00,13678,0
2026-01-31 13:24:47,1718,5,60.00,13805,0
2026-01-31 13:24:58,1725,5,38.18,13880,0
2026-01-31 13:25:10,1736,5,55.00,13795,0
2026-01-31 13:25:21,1741,5,27.27,13931,0
2026-01-31 13:25:32,1750,5,49.09,14043,0
2026-01-31 13:25:43,1759,5,49.09,14130,0
2026-01-31 13:25:55,1772,5,65.00,14252,0
2026-01-31 13:26:06,1781,5,49.09,14363,0
2026-01-31 13:26:17,1799,5,98.18,14320,0
2026-01-31 13:26:28,1793,5,-32.72,14332,0
2026-01-31 13:26:39,1804,5,60.00,14422,0
2026-01-31 13:26:51,1812,5,43.63,14564,0
2026-01-31 13:27:02,1822,5,50.00,14648,0
2026-01-31 13:27:13,1829,5,38.18,14571,0
2026-01-31 13:27:24,1845,5,87.27,14701,0
2026-01-31 13:27:35,1848,5,16.36,14787,0
2026-01-31 13:27:47,1856,5,40.00,14885,0
2026-01-31 13:27:58,1866,5,54.54,14987,0
2026-01-31 13:28:09,1883,5,92.72,15085,0
2026-01-31 13:28:20,1891,6,43.63,15025,0
2026-01-31 13:28:31,1889,6,-10.90,15068,0
2026-01-31 13:28:43,1898,6,45.00,15158,0
2026-01-31 13:28:54,1908,6,54.54,15270,0
2026-01-31 13:29:05,1916,6,43.63,15359,0
2026-01-31 13:29:16,1922,6,32.72,15237,0
2026-01-31 13:29:27,1932,6,54.54,15376,0
2026-01-31 13:29:38,1940,6,43.63,15468,0
2026-01-31 13:29:49,1948,6,43.63,15561,0
2026-01-31 13:30:01,1964,6,87.27,15634,0
2026-01-31 13:30:12,1967,6,15.00,15740,0
2026-01-31 13:30:23,1974,6,38.18,15662,0
2026-01-31 13:30:34,1982,6,43.63,15735,0
2026-01-31 13:30:45,1992,6,54.54,15854,0
2026-01-31 13:30:56,2001,6,49.09,15970,0
2026-01-31 13:31:07,2012,6,60.00,16080,0
2026-01-31 13:31:18,2013,6,5.45,15912,0
2026-01-31 13:31:30,2025,6,65.45,16053,0
2026-01-31 13:31:41,2036,6,55.00,16188,0
2026-01-31 13:31:52,2042,6,32.72,16252,0
2026-01-31 13:32:03,2051,6,49.09,16367,0
2026-01-31 13:32:14,2060,6,49.09,16478,0
2026-01-31 13:32:26,2065,6,27.27,16360,0
2026-01-31 13:32:37,2079,6,70.00,16485,0
2026-01-31 13:32:48,2085,6,32.72,16570,0
2026-01-31 13:32:59,2097,6,65.45,16668,0
2026-01-31 13:33:11,2108,6,60.00,16793,0
2026-01-31 13:33:22,2109,6,5.00,16674,0
2026-01-31 13:33:33,2118,6,49.09,16825,0
2026-01-31 13:33:44,2129,6,60.00,16919,0
2026-01-31 13:33:56,2139,6,54.54,17032,0
2026-01-31 13:34:07,2147,6,40.00,17131,0
2026-01-31 13:34:18,2150,6,16.36,16954,0
2026-01-31 13:34:29,2160,6,54.54,17131,0
2026-01-31 13:34:40,2170,6,54.54,17257,0
2026-01-31 13:34:51,2182,6,65.45,17353,0
2026-01-31 13:35:02,2190,6,43.63,17451,0
2026-01-31 13:35:13,2198,6,43.63,17549,0
2026-01-31 13:35:25,2203,6,27.27,17469,0
2026-01-31 13:35:36,2213,6,50.00,17570,0
2026-01-31 13:35:47,2221,6,43.63,17670,0
2026-01-31 13:35:58,2230,6,49.09,17752,0
2026-01-31 13:36:09,2239,6,49.09,17894,0
2026-01-31 13:36:21,2247,6,43.63,17756,0
2026-01-31 13:36:32,2256,6,45.00,17878,0
2026-01-31 13:36:43,2264,6,43.63,17959,0
2026-01-31 13:36:54,2273,6,49.09,18061,0
2026-01-31 13:37:06,2288,6,75.00,18158,0
2026-01-31 13:37:17,2296,6,43.63,18282,0
2026-01-31 13:37:28,2308,6,65.45,18223,0
2026-01-31 13:37:39,2307,6,-5.45,18307,0
2026-01-31 13:37:51,2318,6,60.00,18396,0
2026-01-31 13:38:02,2326,6,40.00,18492,0
2026-01-31 13:38:13,2336,6,54.54,18593,0
2026-01-31 13:38:24,2345,6,49.09,18494,0
2026-01-31 13:38:35,2351,6,32.72,18582,0
2026-01-31 13:38:47,2365,6,76.36,18709,0
2026-01-31 13:38:58,2367,6,10.00,18798,0
2026-01-31 13:39:09,2377,6,54.54,18908,0
2026-01-31 13:39:21,2387,6,54.54,19006,0
2026-01-31 13:39:32,2392,6,25.00,18938,0
2026-01-31 13:39:43,2402,6,54.54,19011,0
2026-01-31 13:39:54,2411,6,49.09,19116,0
2026-01-31 13:40:05,2425,6,76.36,19236,0
2026-01-31 13:40:16,2431,6,32.72,19318,0
2026-01-31 13:40:27,2433,6,10.90,19181,0
2026-01-31 13:40:39,2445,6,65.45,19331,0
2026-01-31 13:40:50,2458,6,65.00,19443,0
2026-01-31 13:41:01,2463,6,27.27,19538,0
2026-01-31 13:41:13,2475,6,65.45,19639,0
2026-01-31 13:41:24,2477,6,10.00,19518,0
2026-01-31 13:41:35,2492,6,81.81,19674,0
2026-01-31 13:41:46,2497,6,27.27,19779,0
2026-01-31 13:41:57,2509,6,65.45,19871,0
2026-01-31 13:42:09,2514,6,27.27,19979,0
2026-01-31 13:42:20,2526,7,60.00,20068,0
2026-01-31 13:42:31,2528,6,10.90,19959,0
2026-01-31 13:42:42,2538,7,54.54,20052,0
2026-01-31 13:42:54,2548,7,50.00,20176,0
2026-01-31 13:43:05,2559,7,60.00,20292,0
2026-01-31 13:43:17,2568,7,45.00,20408,0
2026-01-31 13:43:28,2583,7,81.81,20291,0
2026-01-31 13:43:39,2582,7,-5.45,20413,0
2026-01-31 13:43:51,2597,7,75.00,20494,0
2026-01-31 13:44:02,2603,7,32.72,20605,0
2026-01-31 13:44:13,2612,7,49.09,20710,0
2026-01-31 13:44:25,2626,7,76.36,20805,0
2026-01-31 13:44:36,2630,7,20.00,20709,0
2026-01-31 13:44:47,2635,7,27.27,20789,0
2026-01-31 13:44:58,2647,7,65.45,20929,0
2026-01-31 13:45:09,2659,7,65.45,21000,0
2026-01-31 13:45:20,2666,7,38.18,21129,0
2026-01-31 13:45:31,2668,7,10.90,20966,0
2026-01-31 13:45:43,2677,7,49.09,21139,0
2026-01-31 13:45:54,2688,7,55.00,21216,0
2026-01-31 13:46:05,2695,7,38.18,21320,0
2026-01-31 13:46:17,2717,7,120.00,21440,0
2026-01-31 13:46:28,2713,7,-20.00,21536,0
2026-01-31 13:46:39,2725,7,65.45,21440,0
2026-01-31 13:46:50,2157,6,-3098.18,7939,0
2026-01-31 13:47:01,2140,6,-92.72,7960,0
2026-01-31 13:47:12,2147,6,38.18,8043,0
2026-01-31 13:47:23,2154,6,38.18,8141,0
2026-01-31 13:47:34,2157,6,16.36,7998,0
2026-01-31 13:47:45,2169,6,65.45,8145,0
2026-01-31 13:47:57,2180,6,60.00,8266,0
2026-01-31 13:48:08,2187,6,35.00,8337,0
2026-01-31 13:48:19,2195,6,43.63,8459,0
2026-01-31 13:48:30,2200,6,27.27,8302,0
2026-01-31 13:48:41,2210,6,54.54,8412,0
2026-01-31 13:48:53,2221,6,55.00,8551,0
2026-01-31 13:49:04,2229,6,43.63,8626,0
2026-01-31 13:49:15,2237,6,43.63,8755,0
2026-01-31 13:49:27,2266,6,158.18,8910,0
2026-01-31 13:49:38,2251,6,-75.00,8704,0
2026-01-31 13:49:49,2262,6,60.00,8855,0
2026-01-31 13:50:00,2272,6,54.54,8971,0
2026-01-31 13:50:11,2282,6,54.54,9055,0
2026-01-31 13:50:22,2288,6,32.72,9169,0
2026-01-31 13:50:33,2292,6,21.81,9024,0
2026-01-31 13:50:44,2302,6,54.54,9162,0
2026-01-31 13:50:56,2311,6,45.00,9260,0
2026-01-31 13:51:07,2327,6,87.27,9381,0
2026-01-31 13:51:18,2329,6,10.90,9451,0
2026-01-31 13:51:29,2343,6,76.36,9565,0
2026-01-31 13:51:41,2342,6,-5.45,9459,0
2026-01-31 13:51:52,2353,6,55.00,9595,0
2026-01-31 13:52:03,2364,6,60.00,9702,0
2026-01-31 13:52:14,2376,6,65.45,9811,0
2026-01-31 13:52:25,2381,6,27.27,9880,0
2026-01-31 13:52:36,2390,6,49.09,9763,0
2026-01-31 13:52:47,2396,6,32.72,9893,0
2026-01-31 13:52:58,2403,6,38.18,10009,0
2026-01-31 13:53:09,2425,6,120.00,10161,0
2026-01-31 13:53:21,2425,6,0,10199,0
2026-01-31 13:53:32,2433,6,43.63,10318,0
2026-01-31 13:53:44,2437,6,21.81,10246,0
2026-01-31 13:53:55,2450,6,65.00,10355,0
2026-01-31 13:54:06,2456,6,32.72,10441,0
2026-01-31 13:54:17,2463,6,38.18,10554,0
2026-01-31 13:54:29,2473,6,54.54,10601,0
2026-01-31 13:54:45,2473,6,0,10601,0
2026-01-31 13:54:57,2473,6,0,10601,0
2026-01-31 13:55:14,2473,6,0,10601,0
2026-01-31 13:55:26,2473,6,0,10601,0
2026-01-31 13:55:40,2473,6,0,10601,0
2026-01-31 13:55:53,2473,6,0,10601,0
2026-01-31 13:56:06,2473,6,0,10601,0
2026-01-31 13:56:19,2473,6,0,10601,0
2026-01-31 13:56:32,2473,6,0,10601,0
2026-01-31 13:56:45,2473,6,0,10601,0
2026-01-31 13:56:58,2473,6,0,10601,0
2026-01-31 13:57:11,2473,6,0,10601,0
2026-01-31 13:57:23,2473,6,0,10601,0
2026-01-31 13:57:36,2473,6,0,10601,0
2026-01-31 13:57:49,2473,6,0,10601,0
2026-01-31 13:58:02,2473,6,0,10601,0
2026-01-31 13:58:15,2473,6,0,10601,0
2026-01-31 13:58:28,2473,6,0,10601,0
2026-01-31 13:58:40,2473,6,0,10601,0
2026-01-31 13:58:54,2473,6,0,10601,0
2026-01-31 13:59:07,2473,6,0,10601,0
2026-01-31 13:59:19,,96,-11413.84,0,0
2026-01-31 13:59:32,,96,0,0,0
2026-01-31 13:59:44,,96,0,0,0
2026-01-31 13:59:56,,96,0,0,0
2026-01-31 14:00:08,,96,0,0,0
2026-01-31 14:00:21,,96,0,0,0
2026-01-31 14:00:33,,96,0,0,0
2026-01-31 14:00:45,,96,0,0,0
2026-01-31 14:00:58,,96,0,0,0
2026-01-31 14:01:10,,96,0,0,0
2026-01-31 14:01:23,,96,0,0,0
2026-01-31 14:01:40,,96,0,0,0
